epoch,step,train_loss
16,49,548.693359375
33,99,516.9942626953125
49,149,546.6527099609375
66,199,550.3833618164062
83,249,529.1354370117188
99,299,553.2150268554688
