epoch,step,train_loss
16,49,531.6072998046875
33,99,538.695556640625
49,149,545.1176147460938
66,199,532.6282348632812
83,249,554.5501708984375
99,299,543.3868408203125
