epoch,step,train_loss
16,49,537.8515014648438
33,99,548.960205078125
49,149,539.9085693359375
66,199,543.4558715820312
83,249,533.9286499023438
99,299,550.8150634765625
