epoch,step,train_loss
16,49,547.7089233398438
33,99,531.1717529296875
49,149,536.7872314453125
66,199,536.622314453125
83,249,547.9154663085938
99,299,535.8191528320312
